,feature,coef
0,poutcome_success,1.5986037302805771
1,month_mar,1.476232631603399
2,month_jan,-1.2203107421144446
3,duration,1.089296872454125
4,contact_unknown,-1.0182583222163675
