,feature,coef
0,poutcome_success,1.5985814498248168
1,month_mar,1.4762267730129266
2,month_jan,-1.220293528451187
3,duration,1.0893024483307148
4,contact_unknown,-1.0182870326043227
