,feature,coef
0,poutcome_success,1.5985818749618363
1,month_mar,1.4762267114317187
2,month_jan,-1.2202939865323172
3,duration,1.089302516340519
4,contact_unknown,-1.0182870726153874
